"id","tenantid","uniqueidentifier","schemacode","data","isactive","createdby","lastmodifiedby","createdtime","lastmodifiedtime"
"c4c92ef2-67b6-49ca-8793-cdc73326bef6","mz","check_list","commonHCMUiConfig.HelpScreen","{""link"": ""Send email for basic setup"", ""type"": ""mail"", ""screen"": ""check_list"", ""message"": ""thsi is stest""}",False,"c73c9d67-1d41-43b0-b256-3f32ad2f5fcf","c73c9d67-1d41-43b0-b256-3f32ad2f5fcf","1704709795424","1704710778347"
"15e1ad68-cd54-43c8-8ce1-cdc9b2881204","mz","coded_user","commonHCMUiConfig.HelpScreen","{""link"": ""screen link for test"", ""type"": ""link"", ""screen"": ""coded_user"", ""message"": ""this is a setup for coded user""}",False,"c73c9d67-1d41-43b0-b256-3f32ad2f5fcf","c73c9d67-1d41-43b0-b256-3f32ad2f5fcf","1704710869771","1704712135066"
"a6f44397-3770-440a-9403-abc2aeca1cd4","mz","coded-user","commonHCMUiConfig.HelpScreen","{""link"": ""egov@egov.com"", ""type"": ""mail"", ""screen"": ""coded-user"", ""message"": ""For setting up of Coded user for any campaign related data, please click on the following link to send an email to eGov DIGIT Success Team""}",True,"c73c9d67-1d41-43b0-b256-3f32ad2f5fcf","c73c9d67-1d41-43b0-b256-3f32ad2f5fcf","1704712283258","1704866452985"
"2262bd0b-8aae-485d-a7bb-422f2b15a478","mz","basic-setup","commonHCMUiConfig.HelpScreen","{""link"": ""egov@egov.com"", ""type"": ""mail"", ""screen"": ""basic-setup"", ""message"": ""For setting up of Campaign Name, Language and Tenant related data, please click on the following link to send an email to eGov DIGIT Success Team ""}",True,"c73c9d67-1d41-43b0-b256-3f32ad2f5fcf","c73c9d67-1d41-43b0-b256-3f32ad2f5fcf","1704712211095","1704806716358"
"3121f134-a641-4a46-ae1b-fdb287cbd645","mz","SEARCH_TASK","commonHCMUiConfig.SearchProjectTaskConfig","{""type"": ""search"", ""label"": ""SEARCH_TASK"", ""sections"": {""search"": {""show"": true, ""label"": """", ""children"": {}, ""uiConfig"": {""fields"": [{""key"": ""TASK_ID"", ""type"": ""text"", ""label"": ""TASK_ID"", ""disable"": false, ""populators"": {""name"": ""id"", ""error"": ""PROJECT_TASK_ID_ERR_MSG"", ""validation"": {""pattern"": ""^[^\\$<>?\\\\~!@$%^()+={}\\[\\]*:;“”‘’]{1,50}$""}}, ""preProcess"": {""convertStringToRegEx"": [""populators.validation.pattern""]}, ""isMandatory"": false}, {""key"": ""CLIENT_REFERENCE_ID"", ""type"": ""text"", ""label"": ""CLIENT_REFERENCE_ID"", ""disable"": false, ""populators"": {""name"": ""clientReferenceId"", ""error"": ""PROJECT_CLIENT_REFERENCE_ID_ERR_MSG"", ""validation"": {""pattern"": ""^[^\\$<>?\\\\~!@$%^()+={}\\[\\]*:;“”‘’]{1,50}$""}}, ""preProcess"": {""convertStringToRegEx"": [""populators.validation.pattern""]}, ""isMandatory"": false}, {""key"": ""PROJECT_ID"", ""type"": ""text"", ""label"": ""PROJECT_ID"", ""disable"": false, ""populators"": {""name"": ""projectId"", ""error"": ""PROJECT_ID_ERR_MSG"", ""validation"": {""pattern"": ""^[^\\$<>?\\\\~!@$%^()+={}\\[\\]*:;“”‘’]{1,50}$""}}, ""preProcess"": {""convertStringToRegEx"": [""populators.validation.pattern""]}, ""isMandatory"": false}, {""key"": ""PROJECT_BENEFICIARY_ID"", ""type"": ""text"", ""label"": ""PROJECT_BENEFICIARY_ID"", ""disable"": false, ""populators"": {""name"": ""projectBeneficiaryId"", ""error"": ""PROJECT_BENEFICIARY_ID_ERR_MSG"", ""validation"": {""pattern"": ""^[^\\$<>?\\\\~!@$%^()+={}\\[\\]*:;“”‘’]{1,50}$""}}, ""preProcess"": {""convertStringToRegEx"": [""populators.validation.pattern""]}, ""isMandatory"": false}, {""key"": ""START_DATE"", ""type"": ""date"", ""label"": ""START_DATE"", ""disable"": false, ""populators"": {""name"": ""plannedStartDate"", ""error"": ""PROJECT_START_DATE_ERR_MSG"", ""validation"": {}}, ""isMandatory"": false}, {""key"": ""END_DATE"", ""type"": ""date"", ""label"": ""END_DATE"", ""disable"": false, ""populators"": {""name"": ""plannedEndDate"", ""error"": ""PROJECT_END_DATE_ERR_MSG"", ""validation"": {}}, ""isMandatory"": false}, {""key"": ""ACTUAL_START_DATE"", ""type"": ""date"", ""label"": ""ACTUAL_START_DATE"", ""disable"": false, ""populators"": {""name"": ""actualStartDate"", ""error"": ""PROJECT_START_DATE_ERR_MSG"", ""validation"": {}}, ""isMandatory"": false}, {""key"": ""ACTUAL_END_DATE"", ""type"": ""date"", ""label"": ""ACTUAL_END_DATE"", ""disable"": false, ""populators"": {""name"": ""actualEndDate"", ""error"": ""PROJECT_END_DATE_ERR_MSG"", ""validation"": {}}, ""isMandatory"": false}, {""key"": ""LOCALITY_CODE"", ""type"": ""text"", ""label"": ""LOCALITY_CODE"", ""disable"": false, ""populators"": {""name"": ""localityCode"", ""error"": ""PROJECT_LOCALITY_CODE_ERR_MSG"", ""validation"": {""pattern"": ""^[^\\$<>?\\\\~!@$%^()+={}\\[\\]*:;“”‘’]{1,50}$""}}, ""preProcess"": {""convertStringToRegEx"": [""populators.validation.pattern""]}, ""isMandatory"": false}, {""key"": ""STATUS"", ""type"": ""text"", ""label"": ""STATUS"", ""disable"": false, ""populators"": {""name"": ""status"", ""error"": ""PROJECT_STATUS_CODE_ERR_MSG"", ""validation"": {""pattern"": ""^[^\\$<>?\\\\~!@$%^()+={}\\[\\]*:;“”‘’]{1,50}$""}}, ""preProcess"": {""convertStringToRegEx"": [""populators.validation.pattern""]}, ""isMandatory"": false}], ""headerStyle"": null, ""minReqFields"": 0, ""primaryLabel"": ""ES_COMMON_SEARCH"", ""defaultValues"": {""id"": [""""], ""status"": """", ""projectId"": """", ""localityCode"": """", ""actualEndDate"": """", ""plannedEndDate"": """", ""actualStartDate"": """", ""plannedStartDate"": """", ""clientReferenceId"": [""""], ""projectBeneficiaryId"": """"}, ""formClassName"": ""custom-both-clear-search"", ""secondaryLabel"": ""ES_COMMON_CLEAR_SEARCH""}}, ""searchResult"": {""show"": true, ""label"": """", ""children"": {}, ""uiConfig"": {""columns"": [{""label"": ""TASK_ID"", ""jsonPath"": ""id""}, {""label"": ""CLIENT_REFERENCE_ID"", ""jsonPath"": ""clientReferenceId""}, {""label"": ""PROJECT_ID"", ""jsonPath"": ""projectId""}, {""label"": ""PROJECT_BENEFICIARY_ID"", ""jsonPath"": ""projectBeneficiaryId""}, {""label"": ""START_DATE"", ""jsonPath"": ""plannedStartDate""}, {""label"": ""END_DATE"", ""jsonPath"": ""plannedEndDate""}, {""label"": ""ACTUAL_START_DATE"", ""jsonPath"": ""actualStartDate""}, {""label"": ""ACTUAL_END_DATE"", ""jsonPath"": ""actualEndDate""}, {""label"": ""LOCALITY_CODE"", ""jsonPath"": ""localityCode""}, {""label"": ""STATUS"", ""jsonPath"": ""status""}], ""resultsJsonPath"": ""Tasks"", ""enableColumnSort"": true, ""enableGlobalSearch"": false}}}, ""actionLink"": ""workbench-ui/employee/workbench/mdms-add-v4?moduleName=Health&masterName=ProjectTask"", ""actionRole"": ""SYSTEM_ADMINISTRATOR"", ""apiDetails"": {""masterName"": ""commonUiConfig"", ""moduleName"": ""SearchDefaultConfig"", ""requestBody"": {""Task"": {}, ""tenantId"": ""mz""}, ""serviceName"": ""/project/task/v1/_search"", ""requestParam"": {""limit"": 100, ""offset"": 0, ""tenantId"": ""mz"", ""includeDeleted"": true}, ""tableFormJsonPath"": ""requestParam"", ""filterFormJsonPath"": ""requestBody.Task"", ""searchFormJsonPath"": ""requestBody.Task"", ""minParametersForSearchForm"": 0}, ""actionLabel"": ""HCM_ADD_TASK"", ""additionalSections"": {}}",True,"c73c9d67-1d41-43b0-b256-3f32ad2f5fcf","c73c9d67-1d41-43b0-b256-3f32ad2f5fcf","1701926733385","1702374887942"
"82b5ae50-3c20-455a-aa6e-f1894998cefa","mz","SEARCH_PRODUCT","commonHCMUiConfig.SearchProductConfig","{""type"": ""search"", ""label"": ""SEARCH_PRODUCT"", ""sections"": {""search"": {""show"": true, ""label"": """", ""children"": {}, ""uiConfig"": {""fields"": [{""key"": ""DRUG_NAME"", ""type"": ""text"", ""label"": ""DRUG_NAME"", ""disable"": false, ""populators"": {""name"": ""name"", ""error"": ""PRODUCT_DRUG_NAME_ERR_MSG"", ""validation"": {""pattern"": ""^[^\\$<>?\\\\~!@$%^()+={}\\[\\]*:;“”‘’]{1,50}$""}}, ""preProcess"": {""convertStringToRegEx"": [""populators.validation.pattern""]}, ""isMandatory"": false}, {""key"": ""DRUG_MANUFACTURER"", ""type"": ""text"", ""label"": ""DRUG_MANUFACTURER"", ""disable"": false, ""populators"": {""name"": ""manufacturer"", ""error"": ""PRODUCT_DRUG_MANUFACTURER_ERR_MSG"", ""validation"": {""pattern"": ""^[^\\$<>?\\\\~!@$%^()+={}\\[\\]*:;“”‘’]{1,50}$""}}, ""preProcess"": {""convertStringToRegEx"": [""populators.validation.pattern""]}, ""isMandatory"": false}, {""key"": ""DRUG_TYPE"", ""type"": ""text"", ""label"": ""DRUG_TYPE"", ""disable"": false, ""populators"": {""name"": ""type"", ""error"": ""PRODUCT_DRUG_TYPE_ERR_MSG"", ""validation"": {""pattern"": ""^[^\\$<>?\\\\~!@$%^()+={}\\[\\]*:;“”‘’]{1,50}$""}}, ""preProcess"": {""convertStringToRegEx"": [""populators.validation.pattern""]}, ""isMandatory"": false}, {""key"": ""DRUG_IDS"", ""type"": ""text"", ""label"": ""DRUG_IDS"", ""disable"": false, ""populators"": {""name"": ""id"", ""error"": ""PRODUCT_DRUG_ID_ERR_MSG"", ""validation"": {""pattern"": ""^[^\\$<>?\\\\~!@$%^()+={}\\[\\]*:;“”‘’]{1,50}$""}}, ""preProcess"": {""convertStringToRegEx"": [""populators.validation.pattern""]}, ""isMandatory"": false}], ""headerStyle"": null, ""minReqFields"": 0, ""primaryLabel"": ""ES_COMMON_SEARCH"", ""defaultValues"": {""id"": """", ""name"": """", ""type"": """", ""manufacturer"": """"}, ""formClassName"": "" "", ""secondaryLabel"": ""ES_COMMON_CLEAR_SEARCH""}}, ""searchResult"": {""show"": true, ""label"": """", ""children"": {}, ""uiConfig"": {""columns"": [{""label"": ""DRUG_NAME"", ""jsonPath"": ""name""}, {""label"": ""DRUG_MANUFACTURER"", ""jsonPath"": ""manufacturer""}, {""label"": ""DRUG_TYPE"", ""jsonPath"": ""type""}, {""label"": ""DRUG_IDS"", ""jsonPath"": ""id""}], ""resultsJsonPath"": ""Product"", ""enableColumnSort"": true, ""enableGlobalSearch"": false}}}, ""actionLink"": ""workbench-ui/employee/workbench/mdms-add-v4?moduleName=Health&masterName=Product"", ""actionRole"": ""SYSTEM_ADMINISTRATOR"", ""apiDetails"": {""masterName"": ""commonUiConfig"", ""moduleName"": ""SearchDefaultConfig"", ""requestBody"": {""limit"": 10, ""offset"": 0, ""Product"": {}, ""tenantId"": ""mz"", ""apiOperation"": ""SEARCH""}, ""serviceName"": ""/product/v1/_search"", ""requestParam"": {""limit"": 10, ""offset"": 0, ""tenantId"": ""mz""}, ""tableFormJsonPath"": ""requestParam"", ""filterFormJsonPath"": ""requestBody.Product"", ""searchFormJsonPath"": ""requestBody.Product"", ""minParametersForSearchForm"": 0}, ""actionLabel"": ""HCM_ADD_PRODUCT"", ""additionalSections"": {}}",True,"c73c9d67-1d41-43b0-b256-3f32ad2f5fcf","c73c9d67-1d41-43b0-b256-3f32ad2f5fcf","1701865870196","1702283057464"
"90bb7a6c-974c-4482-beb5-5f37a98d534c","mz","SEARCH_PRODUCT","commonHCMUiConfig.SearchProductConfig2","{""type"": ""search"", ""label"": ""SEARCH_PRODUCT"", ""sections"": {""search"": {""show"": true, ""label"": """", ""children"": {}, ""uiConfig"": {""fields"": [{""key"": ""DRUG_NAME"", ""type"": ""text"", ""label"": ""DRUG_NAME"", ""disable"": false, ""populators"": {""name"": ""name"", ""error"": ""PRODUCT_DRUG_NAME_ERR_MSG"", ""validation"": {""pattern"": ""^[^\\$<>?\\\\~!@$%^()+={}\\[\\]*:;“”‘’]{1,50}$""}}, ""preProcess"": {""convertStringToRegEx"": [""populators.validation.pattern""]}, ""isMandatory"": false}, {""key"": ""DRUG_MANUFACTURER"", ""type"": ""text"", ""label"": ""DRUG_MANUFACTURER"", ""disable"": false, ""populators"": {""name"": ""manufacturer"", ""error"": ""PRODUCT_DRUG_MANUFACTURER_ERR_MSG"", ""validation"": {""pattern"": ""^[^\\$<>?\\\\~!@$%^()+={}\\[\\]*:;“”‘’]{1,50}$""}}, ""preProcess"": {""convertStringToRegEx"": [""populators.validation.pattern""]}, ""isMandatory"": false}, {""key"": ""DRUG_TYPE"", ""type"": ""text"", ""label"": ""DRUG_TYPE"", ""disable"": false, ""populators"": {""name"": ""type"", ""error"": ""PRODUCT_DRUG_TYPE_ERR_MSG"", ""validation"": {""pattern"": ""^[^\\$<>?\\\\~!@$%^()+={}\\[\\]*:;“”‘’]{1,50}$""}}, ""preProcess"": {""convertStringToRegEx"": [""populators.validation.pattern""]}, ""isMandatory"": false}, {""key"": ""DRUG_IDS"", ""type"": ""text"", ""label"": ""DRUG_IDS"", ""disable"": false, ""populators"": {""name"": ""id"", ""error"": ""PRODUCT_DRUG_ID_ERR_MSG"", ""validation"": {""pattern"": ""^[^\\$<>?\\\\~!@$%^()+={}\\[\\]*:;“”‘’]{1,50}$""}}, ""preProcess"": {""convertStringToRegEx"": [""populators.validation.pattern""]}, ""isMandatory"": false}], ""headerStyle"": null, ""minReqFields"": 0, ""primaryLabel"": ""ES_COMMON_SEARCH"", ""defaultValues"": {""id"": """", ""name"": """", ""type"": """", ""manufacturer"": """"}, ""formClassName"": ""custom-both-clear-search"", ""secondaryLabel"": ""ES_COMMON_CLEAR_SEARCH""}}, ""searchResult"": {""show"": true, ""label"": """", ""children"": {}, ""uiConfig"": {""columns"": [{""label"": ""DRUG_NAME"", ""jsonPath"": ""name""}, {""label"": ""DRUG_MANUFACTURER"", ""jsonPath"": ""manufacturer""}, {""label"": ""DRUG_TYPE"", ""jsonPath"": ""type""}, {""label"": ""DRUG_IDS"", ""jsonPath"": ""id""}], ""resultsJsonPath"": ""Product"", ""enableColumnSort"": true, ""enableGlobalSearch"": false}}}, ""actionLink"": ""workbench-ui/employee/workbench/mdms-add-v2?moduleName=Health&masterName=Product2"", ""actionRole"": ""SYSTEM_ADMINISTRATOR"", ""apiDetails"": {""masterName"": ""commonUiConfig"", ""moduleName"": ""SearchDefaultConfig"", ""requestBody"": {""limit"": 10, ""offset"": 0, ""Product"": {}, ""tenantId"": ""mz"", ""apiOperation"": ""SEARCH""}, ""serviceName"": ""/product/v1/_search"", ""requestParam"": {""limit"": 10, ""offset"": 0, ""tenantId"": ""mz""}, ""tableFormJsonPath"": ""requestParam"", ""filterFormJsonPath"": ""requestBody.Product"", ""searchFormJsonPath"": ""requestBody.Product"", ""minParametersForSearchForm"": 0}, ""actionLabel"": ""HCM_ADD_PRODUCT"", ""additionalSections"": {}}",True,"c73c9d67-1d41-43b0-b256-3f32ad2f5fcf","c73c9d67-1d41-43b0-b256-3f32ad2f5fcf","1701937918471","1701937918471"
"6d86d448-02ed-458a-885a-d94e41f7c0d7","mz","SEARCH_HOUSEHOLD","commonHCMUiConfig.SearchHouseholdConfig","{""type"": ""search"", ""label"": ""SEARCH_HOUSEHOLD"", ""sections"": {""search"": {""show"": true, ""label"": """", ""children"": {}, ""uiConfig"": {""fields"": [{""key"": ""CLIENT_ID"", ""type"": ""text"", ""label"": ""CLIENT_ID"", ""disable"": false, ""populators"": {""name"": ""id"", ""error"": ""HOUSEHOLD_CLIENT_ID_ERR_MSG"", ""validation"": {""pattern"": ""^[^\\$<>?\\\\~!@$%^()+={}\\[\\]*:;“”‘’]{1,100}$""}}, ""preProcess"": {""convertStringToRegEx"": [""populators.validation.pattern""]}, ""isMandatory"": false}, {""key"": ""CLIENT_REF_ID"", ""type"": ""text"", ""label"": ""CLIENT_REF_ID"", ""disable"": false, ""populators"": {""name"": ""clientReferenceId"", ""error"": ""HOUSEHOLD_CLIENT_REFF_ID_ERR_MSG"", ""validation"": {""pattern"": ""^[^\\$<>?\\\\~!@$%^()+={}\\[\\]*:;“”‘’]{1,100}$""}}, ""preProcess"": {""convertStringToRegEx"": [""populators.validation.pattern""]}, ""isMandatory"": false}, {""key"": ""BOUNDARY_CODE"", ""type"": ""text"", ""label"": ""BOUNDARY_CODE"", ""disable"": false, ""populators"": {""name"": ""boundaryCode"", ""error"": ""HOUSEHOLD_BOUNDARY_CODE_ERR_MSG"", ""validation"": {""pattern"": ""^[^\\$<>?\\\\~!@$%^()+={}\\[\\]*:;“”‘’]{1,100}$""}}, ""preProcess"": {""convertStringToRegEx"": [""populators.validation.pattern""]}, ""isMandatory"": false}], ""headerStyle"": null, ""minReqFields"": 0, ""primaryLabel"": ""ES_COMMON_SEARCH"", ""defaultValues"": {""id"": """", ""boundaryCode"": """", ""clientReferenceId"": """"}, ""formClassName"": ""custom-both-clear-search"", ""secondaryLabel"": ""ES_COMMON_CLEAR_SEARCH""}}, ""searchResult"": {""show"": true, ""label"": ""Household"", ""children"": {}, ""uiConfig"": {""columns"": [{""label"": ""CLIENT_ID"", ""jsonPath"": ""id""}, {""label"": ""CLIENT_REF_ID"", ""jsonPath"": ""clientReferenceId""}, {""label"": ""BOUNDARY_CODE"", ""jsonPath"": ""boundaryCode""}], ""resultsJsonPath"": ""Households"", ""enableColumnSort"": true, ""enableGlobalSearch"": false}}}, ""actionLink"": ""workbench-ui/employee/workbench/mdms-add-v4?moduleName=Health&masterName=Household"", ""actionRole"": ""SYSTEM_ADMINISTRATOR"", ""apiDetails"": {""masterName"": ""commonUiConfig"", ""moduleName"": ""SearchDefaultConfig"", ""requestBody"": {""Household"": {""tenantId"": ""mz""}}, ""serviceName"": ""/household/v1/_search"", ""requestParam"": {""limit"": 1, ""offset"": 0, ""tenantId"": ""mz"", ""includeDeleted"": true}, ""tableFormJsonPath"": ""requestParam"", ""filterFormJsonPath"": ""requestBody.Household"", ""searchFormJsonPath"": ""requestBody.Household"", ""minParametersForSearchForm"": 0}, ""actionLabel"": ""HCM_ADD_HOUSEHOLD"", ""additionalSections"": {}}",True,"c73c9d67-1d41-43b0-b256-3f32ad2f5fcf","c73c9d67-1d41-43b0-b256-3f32ad2f5fcf","1701873563470","1702282488854"
"4be69055-bdad-42e6-a9f7-1fe6b5850c7f","mz","SEARCH_BENEFICIARY","commonHCMUiConfig.SearchProjectBeneficiaryConfig","{""type"": ""search"", ""label"": ""SEARCH_BENEFICIARY"", ""sections"": {""search"": {""show"": true, ""label"": """", ""children"": {}, ""uiConfig"": {""fields"": [{""key"": ""ID"", ""type"": ""text"", ""label"": ""ID"", ""disable"": false, ""populators"": {""name"": ""id"", ""error"": ""ID_ERR_MSG"", ""validation"": {""pattern"": ""^[^\\$<>?\\\\~!@$%^()+={}\\[\\]*:;“”‘’]{1,50}$""}}, ""preProcess"": {""convertStringToRegEx"": [""populators.validation.pattern""]}, ""isMandatory"": true}, {""key"": ""CLIENT_REFERENCE_ID"", ""type"": ""text"", ""label"": ""CLIENT_REFERENCE_ID"", ""disable"": false, ""populators"": {""name"": ""clientReferenceId"", ""error"": ""PROJECT_CLIENT_REFERENCE_ID_ERR_MSG""}, ""preProcess"": {""convertStringToRegEx"": [""populators.validation.pattern""]}, ""isMandatory"": false}, {""key"": ""PROJECT_ID"", ""type"": ""text"", ""label"": ""PROJECT_ID"", ""disable"": false, ""populators"": {""name"": ""projectId"", ""error"": ""PROJECT_ID_ERR_MSG""}, ""preProcess"": {""convertStringToRegEx"": [""populators.validation.pattern""]}, ""isMandatory"": false}, {""key"": ""BENEFICIARY_ID"", ""type"": ""text"", ""label"": ""BENEFICIARY_ID"", ""disable"": false, ""populators"": {""name"": ""beneficiaryId"", ""error"": ""PROJECT_BENEFICIARY_ID_ERR_MSG""}, ""preProcess"": {""convertStringToRegEx"": [""populators.validation.pattern""]}, ""isMandatory"": false}, {""key"": ""REGISTRATION_DATE"", ""type"": ""date"", ""label"": ""REGISTRATION_DATE"", ""disable"": false, ""populators"": {""name"": ""dateOfRegistration"", ""error"": ""PROJECT_REGISTRATION_DATE_ERR_MSG""}, ""isMandatory"": false}], ""headerStyle"": null, ""minReqFields"": 0, ""primaryLabel"": ""ES_COMMON_SEARCH"", ""defaultValues"": {""id"": [""""], ""projectId"": """", ""beneficiaryId"": """", ""clientReferenceId"": """", ""dateOfRegistration"": """"}, ""formClassName"": ""custom-both-clear-search"", ""secondaryLabel"": ""ES_COMMON_CLEAR_SEARCH""}}, ""searchResult"": {""show"": true, ""label"": """", ""children"": {}, ""uiConfig"": {""columns"": [{""label"": ""ID"", ""jsonPath"": ""id""}, {""label"": ""CLIENT_REFERENCE_ID"", ""jsonPath"": ""clientReferenceId""}, {""label"": ""PROJECT_ID"", ""jsonPath"": ""projectId""}, {""label"": ""BENEFICIARY_ID"", ""jsonPath"": ""beneficiaryId""}, {""label"": ""REGISTRATION_DATE"", ""jsonPath"": ""dateOfRegistration""}], ""resultsJsonPath"": ""ProjectBeneficiaries"", ""enableColumnSort"": true, ""enableGlobalSearch"": false}}}, ""actionLink"": ""workbench-ui/employee/workbench/mdms-add-v4?moduleName=Health&masterName=ProjectBeneficiary"", ""actionRole"": ""SYSTEM_ADMINISTRATOR"", ""apiDetails"": {""masterName"": ""commonUiConfig"", ""moduleName"": ""SearchDefaultConfig"", ""requestBody"": {""limit"": 1, ""offset"": 0, ""tenantId"": ""mz"", ""includeDeleted"": true, ""ProjectBeneficiary"": {}}, ""serviceName"": ""/project/beneficiary/v1/_search"", ""requestParam"": {""limit"": 1, ""offset"": 0, ""tenantId"": ""mz"", ""includeDeleted"": true}, ""tableFormJsonPath"": ""requestBody"", ""filterFormJsonPath"": ""requestBody.ProjectBeneficiary"", ""searchFormJsonPath"": ""requestBody.ProjectBeneficiary"", ""minParametersForSearchForm"": 0}, ""actionLabel"": ""HCM_ADD_PROJECT_BENEFICIARY"", ""additionalSections"": {}}",True,"c73c9d67-1d41-43b0-b256-3f32ad2f5fcf","c73c9d67-1d41-43b0-b256-3f32ad2f5fcf","1701932560104","1701932560104"
"e2162138-977b-4460-b4e2-d8bf8bea4324","mz","SEARCH_RESOURCE","commonHCMUiConfig.SearchProjectResourceConfig","{""type"": ""search"", ""label"": ""SEARCH_RESOURCE"", ""sections"": {""search"": {""show"": true, ""label"": """", ""children"": {}, ""uiConfig"": {""fields"": [{""key"": ""RESOURCE_ID"", ""type"": ""text"", ""label"": ""RESOURCE_ID"", ""disable"": false, ""populators"": {""name"": ""id"", ""error"": ""RESOURCE_ID_ERR_MSG""}, ""preProcess"": {""convertStringToRegEx"": [""populators.validation.pattern""]}, ""isMandatory"": false}], ""headerStyle"": null, ""minReqFields"": 0, ""primaryLabel"": ""ES_COMMON_SEARCH"", ""defaultValues"": {""id"": """"}, ""formClassName"": ""custom-both-clear-search"", ""secondaryLabel"": ""ES_COMMON_CLEAR_SEARCH""}}, ""searchResult"": {""show"": true, ""label"": """", ""children"": {}, ""uiConfig"": {""columns"": [{""label"": ""RESOURCE_ID"", ""jsonPath"": ""id""}, {""label"": ""PRODUCT_VARIANT_ID"", ""jsonPath"": ""resource.productVariantId""}, {""label"": ""TYPE"", ""jsonPath"": ""resource.type""}, {""label"": ""BASE_UNIT_VARIATION"", ""jsonPath"": ""resource.isBaseUnitVariant""}], ""resultsJsonPath"": ""ProjectResources"", ""enableColumnSort"": true, ""enableGlobalSearch"": false}}}, ""actionLink"": ""workbench-ui/employee/workbench/mdms-add-v4?moduleName=Health&masterName=ProjectResource"", ""actionRole"": ""SYSTEM_ADMINISTRATOR"", ""apiDetails"": {""masterName"": ""commonUiConfig"", ""moduleName"": ""SearchDefaultConfig"", ""requestBody"": {""limit"": 10, ""offset"": 0, ""tenantId"": ""mz"", ""apiOperation"": ""SEARCH"", ""ProjectResource"": {}}, ""serviceName"": ""/project/resource/v1/_search"", ""requestParam"": {""limit"": 2, ""offset"": 0, ""tenantId"": ""mz""}, ""tableFormJsonPath"": ""requestParam"", ""filterFormJsonPath"": ""requestBody.ProjectResource"", ""searchFormJsonPath"": ""requestBody.ProjectResource"", ""minParametersForSearchForm"": 0}, ""actionLabel"": ""HCM_ADD_RESOURCE"", ""additionalSections"": {}}",True,"c73c9d67-1d41-43b0-b256-3f32ad2f5fcf","c73c9d67-1d41-43b0-b256-3f32ad2f5fcf","1702545303424","1702545303424"
"a78450fc-19b1-4163-be7f-09703f1575b9","mz","SEARCH_PROJECT_FACILITY","commonHCMUiConfig.SearchProjectFacilityConfig","{""type"": ""search"", ""label"": ""SEARCH_PROJECT_FACILITY"", ""sections"": {""search"": {""show"": true, ""label"": """", ""children"": {}, ""uiConfig"": {""fields"": [{""key"": ""ID"", ""type"": ""text"", ""label"": ""ID"", ""disable"": false, ""populators"": {""name"": ""id"", ""error"": ""PROJECT_ID_ERROR_MESSAGE""}, ""preProcess"": {""convertStringToRegEx"": [""populators.validation.pattern""]}, ""isMandatory"": false}, {""key"": ""PROJECT_ID"", ""type"": ""text"", ""label"": ""PROJECT_ID"", ""disable"": false, ""populators"": {""name"": ""projectId"", ""error"": ""PROJECT_TYPE_ERR_MSG""}, ""preProcess"": {""convertStringToRegEx"": [""populators.validation.pattern""]}, ""isMandatory"": false}, {""key"": ""FACILITY_ID"", ""type"": ""text"", ""label"": ""FACILITY_ID"", ""disable"": false, ""populators"": {""name"": ""facilityId"", ""error"": ""PROJECT_SUB_TYPE_ERR_MSG""}, ""preProcess"": {""convertStringToRegEx"": [""populators.validation.pattern""]}, ""isMandatory"": false}], ""headerStyle"": null, ""minReqFields"": 0, ""primaryLabel"": ""ES_COMMON_SEARCH"", ""defaultValues"": {""id"": """", ""projectId"": """", ""facilityId"": """"}, ""formClassName"": ""custom-both-clear-search"", ""secondaryLabel"": ""ES_COMMON_CLEAR_SEARCH""}}, ""searchResult"": {""show"": true, ""label"": """", ""children"": {}, ""uiConfig"": {""columns"": [{""label"": ""ID"", ""jsonPath"": ""id""}, {""label"": ""FACILITY_ID"", ""jsonPath"": ""facilityId""}, {""label"": ""PROJECT_ID"", ""jsonPath"": ""projectId"", ""additionalCustomization"": ""true""}, {""label"": ""PROJECT_ISDELETED"", ""jsonPath"": ""isDeleted""}], ""resultsJsonPath"": ""ProjectFacilities"", ""enableColumnSort"": true, ""enableGlobalSearch"": false}}}, ""actionLink"": ""workbench-ui/employee/workbench/mdms-add-v4?moduleName=Health&masterName=ProjectFacility"", ""actionRole"": ""SYSTEM_ADMINISTRATOR"", ""apiDetails"": {""masterName"": ""commonUiConfig"", ""moduleName"": ""SearchDefaultConfig"", ""requestBody"": {""limit"": 10, ""offset"": 0, ""tenantId"": ""mz"", ""apiOperation"": ""SEARCH"", ""ProjectFacility"": {}}, ""serviceName"": ""/project/facility/v1/_search"", ""requestParam"": {""limit"": 10, ""offset"": 0, ""tenantId"": ""mz""}, ""tableFormJsonPath"": ""requestParam"", ""filterFormJsonPath"": ""requestBody.ProjectFacility"", ""searchFormJsonPath"": ""requestBody.ProjectFacility"", ""minParametersForSearchForm"": 0}, ""actionLabel"": ""HCM_ADD_PROJECT_FACILITY"", ""additionalSections"": {}}",True,"c73c9d67-1d41-43b0-b256-3f32ad2f5fcf","c73c9d67-1d41-43b0-b256-3f32ad2f5fcf","1702892027652","1702892027652"
"b6e70cf1-33a1-434c-b6b2-9218f936b2d1","mz","SEARCH_FACILITY","commonHCMUiConfig.SearchFacilityConfig","{""type"": ""search"", ""label"": ""SEARCH_FACILITY"", ""sections"": {""search"": {""show"": true, ""label"": """", ""children"": {}, ""uiConfig"": {""fields"": [{""key"": ""FACILITY_ID"", ""type"": ""text"", ""label"": ""FACILITY_ID"", ""disable"": false, ""populators"": {""name"": ""id"", ""error"": ""PROJECT_PATTERN_ERR_MSG"", ""validation"": {""pattern"": ""^[^\\$<>?\\\\~!@$%^()+={}\\[\\]*:;“”‘’]{1,100}$""}}, ""preProcess"": {""convertStringToRegEx"": [""populators.validation.pattern""]}, ""isMandatory"": false}, {""key"": ""FACILITY_USAGE"", ""type"": ""text"", ""label"": ""FACILITY_USAGE"", ""disable"": false, ""populators"": {""name"": ""usage"", ""error"": ""COMMON_PATTERN_ERR_MSG_MUSTER_ID"", ""validation"": {""pattern"": ""^[^\\$<>?\\\\~!@$%^()+={}\\[\\]*:;“”‘’]{1,100}$""}}, ""preProcess"": {""convertStringToRegEx"": [""populators.validation.pattern""]}, ""isMandatory"": false}, {""key"": ""FACILITY_STORAGE_CAPACITY"", ""type"": ""text"", ""label"": ""FACILITY_STORAGE_CAPACITY"", ""disable"": false, ""populators"": {""name"": ""storageCapacity"", ""error"": ""COMMON_PATTERN_ERR_MSG_MUSTER_ID"", ""validation"": {""pattern"": ""^[^\\$<>?\\\\~!@$%^()+={}\\[\\]*:;“”‘’]{1,100}$""}}, ""preProcess"": {""convertStringToRegEx"": [""populators.validation.pattern""]}, ""isMandatory"": false}, {""key"": ""FACILITY_LOCALITY_CODE"", ""type"": ""text"", ""label"": ""FACILITY_LOCALITY_CODE"", ""disable"": false, ""populators"": {""name"": ""boundaryCode"", ""error"": ""COMMON_PATTERN_ERR_MSG_MUSTER_ID"", ""validation"": {""pattern"": ""^[^\\$<>?\\\\~!@$%^()+={}\\[\\]*:;“”‘’]{1,100}$""}}, ""preProcess"": {""convertStringToRegEx"": [""populators.validation.pattern""]}, ""isMandatory"": false}], ""headerStyle"": null, ""minReqFields"": 0, ""primaryLabel"": ""ES_COMMON_SEARCH"", ""defaultValues"": {""id"": """", ""usage"": """", ""boundaryCode"": """", ""storageCapacity"": """"}, ""formClassName"": "" "", ""secondaryLabel"": ""ES_COMMON_CLEAR_SEARCH""}}, ""searchResult"": {""show"": true, ""label"": ""Facility"", ""children"": {}, ""uiConfig"": {""columns"": [{""label"": ""FACILITY_ID"", ""jsonPath"": ""id""}, {""label"": ""FACILITY_NAME"", ""jsonPath"": ""name""}, {""label"": ""FACILITY_IS_PERMANENT"", ""jsonPath"": ""isPermanent""}, {""label"": ""FACILITY_USAGE"", ""jsonPath"": ""usage""}, {""label"": ""FACILITY_STORAGE_CAPACITY"", ""jsonPath"": ""storageCapacity""}, {""label"": ""FACILITY_LOCALITY_CODE"", ""jsonPath"": ""address.locality.code""}], ""resultsJsonPath"": ""Facilities"", ""enableColumnSort"": true, ""enableGlobalSearch"": false}}}, ""actionLink"": ""workbench-ui/employee/workbench/mdms-add-v4?moduleName=Health&masterName=Facility"", ""actionRole"": ""SYSTEM_ADMINISTRATOR"", ""apiDetails"": {""masterName"": ""commonUiConfig"", ""moduleName"": ""SearchDefaultConfig"", ""requestBody"": {""Facility"": {}}, ""serviceName"": ""/facility/v1/_search"", ""requestParam"": {""limit"": 1, ""offset"": 0, ""tenantId"": ""mz""}, ""tableFormJsonPath"": ""requestParam"", ""filterFormJsonPath"": ""requestBody.Facility"", ""searchFormJsonPath"": ""requestBody.Facility"", ""minParametersForSearchForm"": 0}, ""actionLabel"": ""HCM_ADD_FACILITY"", ""additionalSections"": {}}",True,"c73c9d67-1d41-43b0-b256-3f32ad2f5fcf","c73c9d67-1d41-43b0-b256-3f32ad2f5fcf","1702380637995","1702380637995"
"33377d33-2a5d-4885-9aa7-d7e0ff2503bc","mz","Check List","commonHCMUiConfig.HelpScreen","{""link"": ""/workbench-ui/employee/hcmworkbench/master/master-landing-screen"", ""type"": ""link"", ""screen"": ""Check List"", ""message"": ""test message""}",False,"c73c9d67-1d41-43b0-b256-3f32ad2f5fcf","c73c9d67-1d41-43b0-b256-3f32ad2f5fcf","1704696662570","1704707400309"
"83d000ac-1c79-4e4e-bdec-d6dfdc5fd701","mz","Check List Email","commonHCMUiConfig.HelpScreen","{""link"": ""Send Email for basic setup"", ""type"": ""mail"", ""screen"": ""Check List Email"", ""message"": ""For Setting up of checklist for any campaign related data, please click""}",False,"c73c9d67-1d41-43b0-b256-3f32ad2f5fcf","c73c9d67-1d41-43b0-b256-3f32ad2f5fcf","1704705235156","1704709035841"
"aeae7681-7f9a-4022-ab0b-3103118de9bc","mz","check-list","commonHCMUiConfig.HelpScreen","{""link"": ""egov@egov.com"", ""type"": ""mail"", ""screen"": ""check-list"", ""message"": ""For setting up of Checklist for any campaign related data, please click on the following link to send an email to eGov DIGIT Success Team ""}",True,"c73c9d67-1d41-43b0-b256-3f32ad2f5fcf","c73c9d67-1d41-43b0-b256-3f32ad2f5fcf","1704710984823","1704807273303"
"c6862bfb-1772-4b52-8655-ae368117a194","mz","Link","commonHCMUiConfig.HelpScreen","{""link"": ""/workbench-ui/employee/workbench/mdms-add-v2?moduleName=commonHCMUiConfig&masterName=HelpScreen"", ""type"": ""link"", ""screen"": ""Link"", ""message"": ""this sa test message""}",False,"c73c9d67-1d41-43b0-b256-3f32ad2f5fcf","c73c9d67-1d41-43b0-b256-3f32ad2f5fcf","1704707629758","1704710774197"
"fe91f8dc-9837-4eb2-bdb9-b4f43ad5f444","mz","basic_setup","commonHCMUiConfig.HelpScreen","{""link"": ""Click me for test"", ""type"": ""mail"", ""screen"": ""basic_setup"", ""message"": ""this is a test message for basic setup""}",False,"c73c9d67-1d41-43b0-b256-3f32ad2f5fcf","c73c9d67-1d41-43b0-b256-3f32ad2f5fcf","1704710832483","1704712143297"
"7ja43353-ceeb-480e-9727-64fc9343a004","mz","user-landing-screen","commonHCMUiConfig.MasterLandingScreen","{""links"": [{""url"": ""/workbench-ui/employee/hcmworkbench/user"", ""code"": ""NamedUser"", ""icon"": ""Work"", ""order"": ""2"", ""roles"": [""CAMPAIGN_ADMIN""]}, {""url"": ""/health-ui/employee/hrms/inbox"", ""code"": ""HRMS"", ""icon"": ""Announcement"", ""order"": ""1"", ""roles"": [""CAMPAIGN_ADMIN""]}, {""url"": ""/workbench-ui/employee/hcmworkbench/help-screen/coded-user"", ""code"": ""CodedUser"", ""icon"": ""Engineering"", ""order"": ""3"", ""roles"": [""CAMPAIGN_ADMIN""]}], ""screen"": ""user-landing-screen""}",True,"c73c9d67-1d41-43b0-b256-3f32ad2f5fcf","c73c9d67-1d41-43b0-b256-3f32ad2f5fcf","1704453058137","1704805053631"
"9f87e999-2218-4b97-9706-f1057e11572d","mz","SEARCH_PRODUCT_VARIANT","commonHCMUiConfig.SearchProductVariantConfig","{""type"": ""search"", ""label"": ""SEARCH_PRODUCT_VARIANT"", ""sections"": {""search"": {""show"": true, ""label"": """", ""children"": {}, ""uiConfig"": {""fields"": [{""key"": ""PRODUCT_SKU"", ""type"": ""text"", ""label"": ""PRODUCT_SKU"", ""disable"": false, ""populators"": {""name"": ""sku"", ""error"": ""PRODUCT_SKU_ERR_MSG"", ""validation"": {}}, ""preProcess"": {""convertStringToRegEx"": [""populators.validation.pattern""]}, ""isMandatory"": false}, {""key"": ""PRODUCT_VARIATION"", ""type"": ""text"", ""label"": ""PRODUCT_VARIATION"", ""disable"": false, ""populators"": {""name"": ""variation"", ""error"": ""PRODUCT_VARIATION_ERR_MSG"", ""validation"": {}}, ""preProcess"": {""convertStringToRegEx"": [""populators.validation.pattern""]}, ""isMandatory"": false}, {""key"": ""PRODUCT_IDS"", ""type"": ""text"", ""label"": ""PRODUCT_IDS"", ""disable"": false, ""populators"": {""name"": ""id"", ""error"": ""PRODUCT_IDS_ERR_MSG"", ""validation"": {}}, ""preProcess"": {""convertStringToRegEx"": [""populators.validation.pattern""]}, ""isMandatory"": false}, {""key"": ""PRODUCT_ID"", ""type"": ""text"", ""label"": ""PRODUCT_ID"", ""disable"": false, ""populators"": {""name"": ""productId"", ""error"": ""PRODUCT_ID_ERR_MSG"", ""validation"": {}}, ""preProcess"": {""convertStringToRegEx"": [""populators.validation.pattern""]}, ""isMandatory"": false}], ""headerStyle"": null, ""minReqFields"": 0, ""primaryLabel"": ""ES_COMMON_SEARCH"", ""defaultValues"": {""id"": """", ""sku"": """", ""productId"": """", ""variation"": """"}, ""formClassName"": "" "", ""secondaryLabel"": ""ES_COMMON_CLEAR_SEARCH""}}, ""searchResult"": {""show"": true, ""label"": ""ProductVariant"", ""children"": {}, ""uiConfig"": {""columns"": [{""label"": ""PRODUCT_SKU"", ""jsonPath"": ""sku""}, {""label"": ""PRODUCT_VARIATION"", ""jsonPath"": ""variation""}, {""label"": ""VARIANT_ID"", ""jsonPath"": ""id""}, {""label"": ""PRODUCT_ID"", ""jsonPath"": ""productId""}], ""resultsJsonPath"": ""ProductVariant"", ""enableColumnSort"": true, ""enableGlobalSearch"": false}}}, ""actionLink"": ""workbench-ui/employee/workbench/mdms-add-v4?moduleName=Health&masterName=ProductVariant"", ""actionRole"": ""SYSTEM_ADMINISTRATOR"", ""apiDetails"": {""masterName"": ""commonUiConfig"", ""moduleName"": ""SearchDefaultConfig"", ""requestBody"": {""tenantId"": ""mz"", ""ProductVariant"": {}}, ""serviceName"": ""/product/variant/v1/_search"", ""requestParam"": {""limit"": 10, ""offset"": 0, ""tenantId"": ""mz""}, ""tableFormJsonPath"": ""requestParam"", ""filterFormJsonPath"": ""requestBody.ProductVariant"", ""searchFormJsonPath"": ""requestBody.ProductVariant"", ""minParametersForSearchForm"": 0}, ""actionLabel"": ""HCM_ADD_PRODUCT_VARIANT"", ""additionalSections"": {}}",True,"c73c9d67-1d41-43b0-b256-3f32ad2f5fcf","c73c9d67-1d41-43b0-b256-3f32ad2f5fcf","1701874274569","1704345186020"
"7d30a7a9-ff48-4579-9b54-c2de60a3d665","mz","SEARCH_PROJECT_STAFF","commonHCMUiConfig.SearchProjectStaffConfig","{""type"": ""search"", ""label"": ""SEARCH_PROJECT_STAFF"", ""sections"": {""search"": {""show"": true, ""label"": """", ""children"": {}, ""uiConfig"": {""fields"": [{""key"": ""ID"", ""type"": ""text"", ""label"": ""ID"", ""disable"": false, ""populators"": {""name"": ""id"", ""error"": ""PROJECT_STAFF_ID_ERR_MSG"", ""validation"": {""pattern"": ""^[^\\$<>?\\\\~!@$%^()+={}\\[\\]*:;“”‘’]{1,50}$""}}, ""preProcess"": {""convertStringToRegEx"": [""populators.validation.pattern""]}, ""isMandatory"": false}, {""key"": ""USER_ID"", ""type"": ""text"", ""label"": ""USER_ID"", ""disable"": false, ""populators"": {""name"": ""staffId"", ""error"": ""PROJECT_USER_ID_ERR_MSG"", ""validation"": {""pattern"": ""^[^\\$\""<>?\\\\~`!@$%^()+={}\\[\\]*:;“”‘’]{1,50}$""}}, ""preProcess"": {""convertStringToRegEx"": [""populators.validation.pattern""]}, ""isMandatory"": false}, {""key"": ""PROJECT_ID"", ""type"": ""text"", ""label"": ""PROJECT_ID"", ""disable"": false, ""populators"": {""name"": ""projectId"", ""error"": ""PROJECT_ID_ERR_MSG"", ""validation"": {""pattern"": ""^[^\\$<>?\\\\~!@$%^()+={}\\[\\]*:;“”‘’]{1,50}$""}}, ""preProcess"": {""convertStringToRegEx"": [""populators.validation.pattern""]}, ""isMandatory"": false}, {""key"": ""START_DATE"", ""type"": ""date"", ""label"": ""START_DATE"", ""disable"": false, ""populators"": {""name"": ""startDate"", ""error"": ""PROJECT_START_DATE_ERR_MSG"", ""validation"": {}}, ""isMandatory"": false}, {""key"": ""END_DATE"", ""type"": ""date"", ""label"": ""END_DATE"", ""disable"": false, ""populators"": {""name"": ""endDate"", ""error"": ""PROJECT_END_DATE_ERR_MSG"", ""validation"": {}}, ""isMandatory"": false}], ""headerStyle"": null, ""minReqFields"": 0, ""primaryLabel"": ""ES_COMMON_SEARCH"", ""defaultValues"": {""id"": """", ""endDate"": """", ""staffId"": """", ""projectId"": """", ""startDate"": """"}, ""formClassName"": "" "", ""secondaryLabel"": ""ES_COMMON_CLEAR_SEARCH""}}, ""searchResult"": {""show"": true, ""label"": """", ""children"": {}, ""uiConfig"": {""columns"": [{""label"": ""ID"", ""jsonPath"": ""id""}, {""label"": ""USER_ID"", ""jsonPath"": ""userId""}, {""label"": ""PROJECT_ID"", ""jsonPath"": ""projectId"", ""additionalCustomization"": ""true""}, {""label"": ""START_DATE"", ""jsonPath"": ""startDate""}, {""label"": ""END_DATE"", ""jsonPath"": ""endDate""}], ""resultsJsonPath"": ""ProjectStaff"", ""enableColumnSort"": true, ""enableGlobalSearch"": false}}}, ""actionLink"": ""workbench-ui/employee/workbench/mdms-add-v4?moduleName=Health&masterName=ProjectStaff"", ""actionRole"": ""SYSTEM_ADMINISTRATOR"", ""apiDetails"": {""masterName"": ""commonUiConfig"", ""moduleName"": ""SearchDefaultConfig"", ""requestBody"": {""tenantId"": ""mz"", ""ProjectStaff"": {}}, ""serviceName"": ""/project/staff/v1/_search"", ""requestParam"": {""limit"": 100, ""offset"": 0, ""tenantId"": ""mz""}, ""tableFormJsonPath"": ""requestParam"", ""filterFormJsonPath"": ""requestBody.ProjectStaff"", ""searchFormJsonPath"": ""requestBody.ProjectStaff"", ""minParametersForSearchForm"": 0}, ""actionLabel"": ""HCM_ADD_PROJECT_STAFF"", ""additionalSections"": {}}",True,"c73c9d67-1d41-43b0-b256-3f32ad2f5fcf","c73c9d67-1d41-43b0-b256-3f32ad2f5fcf","1701876080604","1702376297914"
"7d30a7a9-ff48-4579-9b54-c2de60ajagan","mz","SEARCH_STAFF","commonHCMUiConfig.SearchStaffConfig","{""type"": ""search"", ""label"": ""USER_MANAGEMENT"", ""sections"": {""search"": {""show"": true, ""label"": """", ""children"": {}, ""uiConfig"": {""type"": ""search"", ""fields"": [{""type"": ""text"", ""label"": ""NAME"", ""disable"": false, ""populators"": {""name"": ""name"", ""error"": ""ERR_INVALID_NAME"", ""style"": {""marginBottom"": ""0px""}}, ""isMandatory"": false}, {""type"": ""text"", ""label"": ""EMPLOYEE_CODE"", ""disable"": false, ""populators"": {""name"": ""codes"", ""error"": ""ERR_INVALID_NAME"", ""style"": {""marginBottom"": ""0px""}}, ""isMandatory"": false}, {""type"": ""number"", ""label"": ""CONTACT_NUMBER"", ""disable"": false, ""populators"": {""name"": ""phone"", ""error"": ""ERR_INVALID_PHONE_NUMBER"", ""style"": {""marginBottom"": ""0px""}}, ""isMandatory"": false}, {""type"": ""text"", ""label"": ""Role"", ""disable"": false, ""populators"": {""name"": ""role"", ""error"": ""ERR_INVALID_ROLE"", ""style"": {""marginBottom"": ""0px""}}, ""isMandatory"": false}], ""typeMobile"": ""filter"", ""headerLabel"": ""ES_COMMON_SEARCH"", ""headerStyle"": null, ""minReqFields"": 0, ""primaryLabel"": ""Search"", ""defaultValues"": {""codes"": """", ""limit"": 10, ""names"": """", ""phone"": """", ""roles"": """", ""offset"": 0, ""sortBy"": ""lastModifiedTime"", ""tenantId"": ""mz"", ""sortOrder"": ""DESC""}, ""secondaryLabel"": ""ES_COMMON_CLEAR_SEARCH"", ""searchWrapperStyles"": {""marginTop"": ""1.4rem"", ""alignItems"": ""center"", ""gridColumn"": ""3"", ""flexDirection"": ""column-reverse"", ""justifyContent"": ""end""}}, ""labelMobile"": ""ES_COMMON_SEARCH""}, ""searchResult"": {""show"": true, ""children"": {}, ""uiConfig"": {""columns"": [{""label"": ""USER_MANAGEMENT_CODE"", ""jsonPath"": ""code""}, {""label"": ""USER_MANAGEMENT_NAME"", ""jsonPath"": ""user.name""}, {""label"": ""USER_MANAGEMENT_MOBILE_NO"", ""jsonPath"": ""user.mobileNumber""}, {""label"": ""MP_USER_MANAGEMENT_ROLE"", ""jsonPath"": ""user.roles[0].code""}, {""label"": ""USER_MANAGEMENT_EMAIL"", ""jsonPath"": ""user.emailId""}], ""rowClassName"": ""table-row-mdms table-row-mdms-hover"", ""tableClassName"": ""table pqm-table"", ""resultsJsonPath"": ""Employees"", ""enableColumnSort"": true, ""enableGlobalSearch"": false}}}, ""apiDetails"": {""masterName"": ""commonUiConfig"", ""moduleName"": ""SearchDefaultConfig"", ""requestBody"": {}, ""serviceName"": ""/egov-hrms/employees/_search"", ""requestParam"": {""limit"": 10, ""names"": """", ""roles"": """", ""offset"": 0, ""sortBy"": ""lastModifiedTime"", ""tenantId"": ""mz"", ""sortOrder"": ""DESC""}, ""tableFormJsonPath"": ""requestParam"", ""filterFormJsonPath"": ""requestParam"", ""searchFormJsonPath"": ""requestParam"", ""minParametersForFilterForm"": 0, ""minParametersForSearchForm"": 0}, ""persistFormData"": true, ""additionalSections"": {}, ""showAsRemovableTagsInMobile"": true}",True,"c73c9d67-1d41-43b0-b256-3f32ad2f5fcf","c73c9d67-1d41-43b0-b256-3f32ad2f5fcf","1701876080604","1702376297914"
"eb8615c7-eeee-4a9c-af74-b0e5c81523b5","mz","advanced-landing-screen","commonHCMUiConfig.MasterLandingScreen","{""links"": [{""url"": ""/workbench-ui/employee/workbench/mdms-search-v2?moduleName=HCM-ADMIN-CONSOLE&masterName=baseTimeOut"", ""code"": ""BaseTimeout"", ""icon"": ""work"", ""order"": ""1"", ""roles"": [""CAMPAIGN_ADMIN""]}, {""url"": ""/workbench-ui/employee/workbench/mdms-search-v2?moduleName=HCM-PROJECT-TYPES&masterName=projectTypes"", ""code"": ""Project types"", ""icon"": ""work"", ""order"": ""2"", ""roles"": [""CAMPAIGN_ADMIN""]}], ""screen"": ""advanced-landing-screen""}",True,"6cb73e04-9dcb-4dd7-8ceb-e6f836c7c4e7","6cb73e04-9dcb-4dd7-8ceb-e6f836c7c4e7","1736412544618","1736412544618"
"7ja43353-cejb-480e-9727-64fc9343a004","mz","test-landing-screen","commonHCMUiConfig.MasterLandingScreen","{""links"": [{""url"": ""/workbench-ui/employee/utilities/search/commonHCMUiConfig/SearchProductConfig"", ""code"": ""Product"", ""icon"": ""Work"", ""order"": ""0"", ""roles"": [""CAMPAIGN_ADMIN""]}, {""url"": ""/workbench-ui/employee/utilities/search/commonHCMUiConfig/SearchProductVariantConfig"", ""code"": ""Product Variant"", ""icon"": ""Announcement"", ""order"": ""2"", ""roles"": [""CAMPAIGN_ADMIN""]}, {""url"": ""/workbench-ui/employee/workbench/mdms-search-v2?moduleName=HCM-PROJECT-TYPES&masterName=projectTypes"", ""code"": ""Project Types"", ""icon"": ""Engineering"", ""order"": ""3"", ""roles"": [""CAMPAIGN_ADMIN""]}, {""url"": ""/workbench-ui/employee/utilities/search/commonHCMUiConfig/SearchProjectConfig"", ""code"": ""Project"", ""icon"": ""Announcement"", ""order"": ""1"", ""roles"": [""CAMPAIGN_ADMIN""]}, {""url"": ""/workbench-ui/employee/utilities/search/commonHCMUiConfig/SearchProjectResourceConfig"", ""code"": ""Project Resource"", ""icon"": ""Work"", ""order"": ""2"", ""roles"": [""CAMPAIGN_ADMIN""]}], ""screen"": ""test-landing-screen""}",True,"c73c9d67-1d41-43b0-b256-3f32ad2f5fcf","c73c9d67-1d41-43b0-b256-3f32ad2f5fcf","1704453058137","1704454619772"
"12bd819f-0062-4bd8-99e0-61305e98b062","mz","project-landing-screen","commonHCMUiConfig.MasterLandingScreen","{""links"": [{""url"": ""/workbench-ui/employee/utilities/search/commonHCMUiConfig/SearchProjectConfig"", ""code"": ""SearchProject"", ""icon"": ""Work"", ""order"": ""0"", ""roles"": [""CAMPAIGN_ADMIN""]}, {""url"": ""/workbench-ui/employee/utilities/search/commonHCMUiConfig/SearchProjectFacilityConfig"", ""code"": ""Project Facility Search"", ""icon"": ""work"", ""order"": ""2"", ""roles"": [""CAMPAIGN_ADMIN""]}, {""url"": ""/workbench-ui/employee/utilities/search/commonHCMUiConfig/SearchProjectResourceConfig"", ""code"": ""Project Resource"", ""icon"": ""work"", ""order"": ""3"", ""roles"": [""CAMPAIGN_ADMIN""]}, {""url"": ""/workbench-ui/employee/utilities/search/commonHCMUiConfig/SearchProjectStaffConfig"", ""code"": ""Project Staff "", ""icon"": ""work"", ""order"": ""4"", ""roles"": [""CAMPAIGN_ADMIN""]}, {""url"": ""/workbench-ui/employee/utilities/search/commonHCMUiConfig/SearchProjectBeneficiaryConfig"", ""code"": ""Project Beneficiary"", ""icon"": ""work"", ""order"": ""4"", ""roles"": [""CAMPAIGN_ADMIN""]}, {""url"": ""/workbench-ui/employee/utilities/search/commonHCMUiConfig/SearchProjectTaskConfig"", ""code"": ""Project Task"", ""icon"": ""work"", ""order"": ""4"", ""roles"": [""CAMPAIGN_ADMIN""]}, {""url"": ""/workbench-ui/employee/utilities/search/commonHCMUiConfig/SearchHouseholdConfig"", ""code"": ""Search Household"", ""icon"": ""work"", ""order"": ""6"", ""roles"": [""CAMPAIGN_ADMIN""]}], ""screen"": ""project-landing-screen""}",True,"c73c9d67-1d41-43b0-b256-3f32ad2f5fcf","c73c9d67-1d41-43b0-b256-3f32ad2f5fcf","1704805630021","1704807188965"
"75543353-ceeb-480e-9727-64fc9343a004","mz","master-landing-screen","commonHCMUiConfig.MasterLandingScreen","{""links"": [{""url"": ""/workbench-ui/employee/workbench/mdms-search-v2?moduleName=HCM-ADMIN-CONSOLE&masterName=hierarchyConfig"", ""code"": ""Boundary settings"", ""icon"": ""Work"", ""order"": ""0"", ""roles"": [""CAMPAIGN_ADMIN""]}, {""url"": ""/workbench-ui/employee/workbench/mdms-search-v2?moduleName=commonHCMUiConfig&masterName=MasterLandingScreen"", ""code"": ""Master Landing Setting"", ""icon"": ""Announcement"", ""order"": ""1"", ""roles"": [""CAMPAIGN_ADMIN""]}, {""url"": ""/workbench-ui/employee/hcmworkbench/master/project-landing-screen"", ""code"": ""Project "", ""icon"": ""Work"", ""order"": ""4"", ""roles"": [""CAMPAIGN_ADMIN""]}, {""url"": ""/workbench-ui/employee/campaign/setup-campaign"", ""code"": ""Workbench Campaign"", ""icon"": ""work"", ""order"": ""6"", ""roles"": [""CAMPAIGN_ADMIN""]}, {""url"": ""/workbench-ui/employee/utilities/search/commonHCMUiConfig/SearchFacilityConfig"", ""code"": ""Facility"", ""icon"": ""work"", ""order"": ""5"", ""roles"": [""CAMPAIGN_ADMIN""]}, {""url"": ""/workbench-ui/employee/utilities/search/commonHCMUiConfig/SearchProductConfig"", ""code"": ""Product"", ""icon"": ""work"", ""order"": ""5"", ""roles"": [""CAMPAIGN_ADMIN""]}, {""url"": ""/workbench-ui/employee/utilities/search/commonHCMUiConfig/SearchProductVariantConfig"", ""code"": ""ProductVariant"", ""icon"": ""work"", ""order"": ""5"", ""roles"": [""CAMPAIGN_ADMIN""]}, {""url"": ""/workbench-ui/employee/workbench/mdms-search-v2?moduleName=HCM-ADMIN-CONSOLE&masterName=HierarchySchema"", ""code"": ""boundary"", ""icon"": ""work"", ""order"": ""6"", ""roles"": [""CAMPAIGN_ADMIN""]}, {""url"": ""/workbench-ui/employee/workbench/mdms-search-v2?moduleName=HCM-ADMIN-CONSOLE&masterName=ChecklistTemplates"", ""code"": ""checklist"", ""icon"": ""work"", ""order"": ""7"", ""roles"": [""CAMPAIGN_ADMIN""]}, {""url"": ""/workbench-ui/employee/hcmworkbench/master/advanced-landing-screen"", ""code"": ""Advanced settings"", ""icon"": ""work"", ""order"": ""11"", ""roles"": [""CAMPAIGN_ADMIN""]}], ""screen"": ""master-landing-screen""}",True,"c73c9d67-1d41-43b0-b256-3f32ad2f5fcf","c73c9d67-1d41-43b0-b256-3f32ad2f5fcf","1704453058137","1704871699279"
"5f2d8c2b-92e5-4b6b-ad27-99cbdecafd21","mz","SEARCH_PROJECT","commonHCMUiConfig.SearchProjectConfig","{""type"": ""search"", ""label"": ""SEARCH_PROJECT"", ""sections"": {""search"": {""show"": true, ""label"": """", ""uiConfig"": {""fields"": [{""key"": ""ID"", ""type"": ""text"", ""label"": ""ID"", ""disable"": false, ""populators"": {""name"": ""id"", ""error"": ""PROJECT_ID_ERROR_MESSAGE"", ""validation"": {""pattern"": ""^[^\\$<>?\\\\~!@$%^()+={}\\[\\]*:;“”‘’]{1,50}$""}}, ""preProcess"": {""convertStringToRegEx"": [""populators.validation.pattern""]}, ""isMandatory"": false}, {""key"": ""PROJECT_TYPE"", ""type"": ""text"", ""label"": ""PROJECT_TYPE"", ""disable"": false, ""populators"": {""name"": ""projectType"", ""error"": ""PROJECT_TYPE_ERR_MSG"", ""validation"": {""pattern"": ""^[^\\$<>?\\\\~!@$%^()+={}\\[\\]*:;“”‘’]{1,50}$""}}, ""preProcess"": {""convertStringToRegEx"": [""populators.validation.pattern""]}, ""isMandatory"": false}, {""key"": ""PROJECT_BOUNDARY_CODE"", ""type"": ""text"", ""label"": ""PROJECT_BOUNDARY_CODE"", ""disable"": false, ""populators"": {""name"": ""boundary"", ""error"": ""PROJECT_BOUNDARY_CODE_ERR_MSG"", ""validation"": {""pattern"": ""^[^\\$<>?\\\\~!@$%^()+={}\\[\\]*:;“”‘’]{1,50}$""}}, ""preProcess"": {""convertStringToRegEx"": [""populators.validation.pattern""]}, ""isMandatory"": false}, {""key"": ""PROJECT_NAME"", ""type"": ""text"", ""label"": ""PROJECT_NAME"", ""disable"": false, ""populators"": {""name"": ""name"", ""error"": ""PROJECT_NAME_ERR_MSG"", ""validation"": {""pattern"": ""^[^\\$<>?\\\\~!@$%^()+={}\\[\\]*:;“”‘’]{1,50}$""}}, ""preProcess"": {""convertStringToRegEx"": [""populators.validation.pattern""]}, ""isMandatory"": false}, {""key"": ""PROJECT_NUMBER"", ""type"": ""text"", ""label"": ""PROJECT_NUMBER"", ""disable"": false, ""populators"": {""name"": ""projectNumber"", ""error"": ""PROJECT_NUMBER_ERR_MSG"", ""validation"": {""pattern"": ""^[^\\$<>?\\\\~!@$%^()+={}\\[\\]*:;“”‘’]{1,50}$""}}, ""preProcess"": {""convertStringToRegEx"": [""populators.validation.pattern""]}, ""isMandatory"": false}, {""key"": ""CAMPAIGN_NUMBER"", ""type"": ""text"", ""label"": ""CAMPAIGN_NUMBER"", ""disable"": false, ""populators"": {""name"": ""referenceID"", ""error"": ""CAMP_NUMBER_ERR_MSG"", ""validation"": {""pattern"": ""^[^\\$<>?\\\\~!@$%^()+={}\\[\\]*:;“”‘’]{1,50}$""}}, ""preProcess"": {""convertStringToRegEx"": [""populators.validation.pattern""]}, ""isMandatory"": false}, {""key"": ""START_DATE"", ""type"": ""date"", ""label"": ""START_DATE"", ""disable"": false, ""populators"": {""name"": ""startDate"", ""error"": ""PROJECT_START_DATE_ERR_MSG"", ""validation"": {}}, ""isMandatory"": false}, {""key"": ""END_DATE"", ""type"": ""date"", ""label"": ""END_DATE"", ""disable"": false, ""populators"": {""name"": ""endDate"", ""error"": ""PROJECT_END_DATE_ERR_MSG"", ""validation"": {}}, ""isMandatory"": false}], ""headerStyle"": null, ""minReqFields"": 0, ""primaryLabel"": ""ES_COMMON_SEARCH"", ""defaultValues"": {""id"": """", ""name"": """", ""endDate"": """", ""boundary"": """", ""startDate"": """", ""projectType"": """", ""referenceID"": """", ""projectNumber"": """"}, ""formClassName"": ""custom-both-clear-search"", ""secondaryLabel"": ""ES_COMMON_CLEAR_SEARCH""}}, ""searchResult"": {""show"": true, ""label"": """", ""children"": {}, ""uiConfig"": {""columns"": [{""label"": ""PROJECT_NUMBER"", ""jsonPath"": ""projectNumber"", ""additionalCustomization"": true}, {""label"": ""PROJECT_NAME"", ""jsonPath"": ""name""}, {""label"": ""PROJECT_TYPE"", ""jsonPath"": ""projectType""}, {""label"": ""PROJECT_BOUNDARY_TYPE"", ""jsonPath"": ""address.boundaryType""}, {""label"": ""PROJECT_BOUNDARY"", ""jsonPath"": ""address.boundary""}, {""label"": ""PROJECT_CREATED_TIME"", ""jsonPath"": ""auditDetails.createdTime"", ""additionalCustomization"": true}], ""resultsJsonPath"": ""Project"", ""enableColumnSort"": true, ""enableGlobalSearch"": false}}}, ""actionLink"": ""workbench-ui/employee/workbench/mdms-add-v4?moduleName=Health&masterName=Project"", ""actionRole"": ""SYSTEM_ADMINISTRATOR"", ""apiDetails"": {""masterName"": ""commonUiConfig"", ""moduleName"": ""SearchDefaultConfig"", ""requestBody"": {""limit"": 10, ""offset"": 0, ""Projects"": {""tenantId"": ""mz""}, ""tenantId"": ""mz"", ""apiOperation"": ""SEARCH""}, ""serviceName"": ""/project/v1/_search"", ""requestParam"": {""limit"": 10, ""offset"": 0, ""tenantId"": ""mz""}, ""tableFormJsonPath"": ""requestParam"", ""filterFormJsonPath"": ""requestBody.Projects"", ""searchFormJsonPath"": ""requestBody.Projects"", ""minParametersForSearchForm"": 0}, ""actionLabel"": ""HCM_ADD_PROJECT""}",True,"c73c9d67-1d41-43b0-b256-3f32ad2f5fcf","c73c9d67-1d41-43b0-b256-3f32ad2f5fcf","1702456837999","1702456837999"
